id,name,kind,publisher,dataset_page,download_url,original_portal,local_file
S01,"BBMP Work Orders - Koramangala (Ward 151), 2013-2022",bbmp_publicview,BBMP (via OpenCity Data Portal mirror),https://data.opencity.in/dataset/bbmp-work-orders-by-ward-2013-2022,https://data.opencity.in/dataset/d22cea6d-5256-43af-8ad5-68db551e0760/resource/1ccbab74-ca87-465f-826b-5fd1b4b81a5f/download/f68edd0d-7e8b-4386-89cc-a7c946785c8a.csv,https://account.bbmpgov.in/PublicView/?l=1,ward151_2013_22.csv
S02,"BBMP Work Orders - Adugodi (Ward 147), 2013-2022",bbmp_publicview,BBMP (via OpenCity Data Portal mirror),https://data.opencity.in/dataset/bbmp-work-orders-by-ward-2013-2022,https://data.opencity.in/dataset/d22cea6d-5256-43af-8ad5-68db551e0760/resource/9781e788-6c7b-4978-a600-abf3836b2a37/download/e51f4570-bde5-4fa7-bdd7-ec131041ea35.csv,https://account.bbmpgov.in/PublicView/?l=1,ward147_2013_22.csv
S03,"BBMP Work Orders - Ejipura (Ward 148), 2013-2022",bbmp_publicview,BBMP (via OpenCity Data Portal mirror),https://data.opencity.in/dataset/bbmp-work-orders-by-ward-2013-2022,https://data.opencity.in/dataset/d22cea6d-5256-43af-8ad5-68db551e0760/resource/bcc85853-64d8-4ffb-b213-ff1c769f1ddf/download/ba583625-49c9-4e9f-89b4-764b9e9773cd.csv,https://account.bbmpgov.in/PublicView/?l=1,ward148_2013_22.csv
S04,"BBMP Work Orders - Madivala (Ward 172), 2013-2022",bbmp_publicview,BBMP (via OpenCity Data Portal mirror),https://data.opencity.in/dataset/bbmp-work-orders-by-ward-2013-2022,https://data.opencity.in/dataset/d22cea6d-5256-43af-8ad5-68db551e0760/resource/10049b28-f6c5-4cf9-a6d4-3c5d43992f7f/download/a69d2761-7cc9-49e5-9554-aac34abc39ce.csv,https://account.bbmpgov.in/PublicView/?l=1,ward172_2013_22.csv
S05,"BBMP Work Orders - Jakkasandra (Ward 173), 2013-2022",bbmp_publicview,BBMP (via OpenCity Data Portal mirror),https://data.opencity.in/dataset/bbmp-work-orders-by-ward-2013-2022,https://data.opencity.in/dataset/d22cea6d-5256-43af-8ad5-68db551e0760/resource/8e25ff56-6431-4322-9323-8c3da1b63f4a/download/d96baefa-f4f3-4ada-9765-1a5759b36f37.csv,https://account.bbmpgov.in/PublicView/?l=1,ward173_2013_22.csv
S06,BBMP Work Orders 2022-23,oc_wodetails,BBMP (via OpenCity Data Portal mirror),https://data.opencity.in/dataset/bbmp-work-orders-2022-23,https://data.opencity.in/dataset/57ab37f1-b93e-40be-b553-c528bfcbf12d/resource/22b046a2-9126-46e9-901b-60ac62175844/download/c1088eec-7750-4f93-954e-486bbb78d355.csv,https://account.bbmpgov.in/PublicView/?l=1,wo_2022_23.csv
S07,BBMP Work Orders 2023-24,oc_wodetails,BBMP (via OpenCity Data Portal mirror),https://data.opencity.in/dataset/bbmp-work-orders-2023-24,https://data.opencity.in/dataset/356bfc9c-6abe-4d16-b719-a90e265c2e28/resource/375708e4-be2e-4c35-bc12-edbacedc2ab2/download/3cd0f9a1-a899-46a8-81e4-b79834ad8408.csv,https://account.bbmpgov.in/PublicView/?l=1,wo_2023_24.csv
S08,BBMP Work Orders and Payments 2024-25 (198-ward regime),oc_wodetails,BBMP (via OpenCity Data Portal mirror),https://data.opencity.in/dataset/bbmp-work-orders-and-payments-2024-25,https://data.opencity.in/dataset/4e539082-aca3-4df0-b676-dc1655cf17d2/resource/67637545-30aa-4a6c-80fa-b46bc22bdc24/download/5cfd015d-cc0b-4526-b6e2-e547e740345a.csv,https://account.bbmpgov.in/PublicView/?l=1,wop_2024_25_198.csv
S09,BBMP Work Orders and Payments 2024-25 (225-ward regime),oc_wodetails,BBMP (via OpenCity Data Portal mirror),https://data.opencity.in/dataset/bbmp-work-orders-and-payments-2024-25,https://data.opencity.in/dataset/4e539082-aca3-4df0-b676-dc1655cf17d2/resource/f0606cb1-51f7-48f8-8c38-8995f790a958/download/c57cb808-16cc-4dc7-87e1-4ec55ae58dd3.csv,https://account.bbmpgov.in/PublicView/?l=1,wop_2024_25_225.csv
S10,BBMP Work Orders and Payments 2024-25 (243-ward regime),oc_wodetails,BBMP (via OpenCity Data Portal mirror),https://data.opencity.in/dataset/bbmp-work-orders-and-payments-2024-25,https://data.opencity.in/dataset/4e539082-aca3-4df0-b676-dc1655cf17d2/resource/83d27234-f87c-4a0b-a668-a58bd57b5034/download/7b43174d-fa07-46f5-b27b-e7b6ccb1a4bd.csv,https://account.bbmpgov.in/PublicView/?l=1,wop_2024_25_243.csv
S11,BBMP Work Orders and Payments 2025-26 (198-ward regime),oc_wodetails,BBMP (via OpenCity Data Portal mirror),https://data.opencity.in/dataset/bbmp-work-orders-and-payments-2025-26,https://data.opencity.in/dataset/280a1196-074e-43ac-acd9-914918b429f5/resource/7a6907c2-6efd-43d6-99ac-1d10f67b3f85/download/bbmp-2025-26-198-wards-work-orders.csv,https://account.bbmpgov.in/PublicView/?l=1,wop_2025_26_198.csv
S12,BBMP Work Orders and Payments 2025-26 (225-ward regime),oc_wodetails,BBMP (via OpenCity Data Portal mirror),https://data.opencity.in/dataset/bbmp-work-orders-and-payments-2025-26,https://data.opencity.in/dataset/280a1196-074e-43ac-acd9-914918b429f5/resource/3e784947-b321-4cba-bedb-69de53450a83/download/bbmp-2025-26-225-wards-work-orders.csv,https://account.bbmpgov.in/PublicView/?l=1,wop_2025_26_225.csv
S13,BBMP Work Orders and Payments 2025-26 (243-ward regime),oc_wodetails,BBMP (via OpenCity Data Portal mirror),https://data.opencity.in/dataset/bbmp-work-orders-and-payments-2025-26,https://data.opencity.in/dataset/280a1196-074e-43ac-acd9-914918b429f5/resource/6c2e5dfa-845c-440d-808c-3ed45b083059/download/bbmp-2025-26-243-wards-work-orders.csv,https://account.bbmpgov.in/PublicView/?l=1,wop_2025_26_243.csv
S14,BBMP Work Orders and Payments 2025-26 (city-wide departments),oc_wodetails,BBMP (via OpenCity Data Portal mirror),https://data.opencity.in/dataset/bbmp-work-orders-and-payments-2025-26,https://data.opencity.in/dataset/280a1196-074e-43ac-acd9-914918b429f5/resource/71b93422-3d64-4de6-a823-468517f441e3/download/bbmp-2025-26-common-wards-work-orders.csv,https://account.bbmpgov.in/PublicView/?l=1,wop_2025_26_common.csv
S15,BBMP Work Order Data 303-CE-Projects (2010-15) - Part-1,bbmp_dept,BBMP (via OpenCity Data Portal mirror),https://data.opencity.in/dataset/bbmp-work-orders-and-bill-payment,https://data.opencity.in/dataset/968e5202-74ed-4279-92df-7b7a1a111108/resource/35036018-6e06-4799-a6f9-0d19c2676a0b/download/6430155e-aba0-444c-8e57-0cd92f0a5eef.csv,https://account.bbmpgov.in/vsswb/,legacy/BBMP_Work_Order_Data_303-CE-Projects_2010-15_-_Part-1.csv
S16,BBMP Work Order Data 303-CE-Projects (2010-15) - Part-2,bbmp_dept,BBMP (via OpenCity Data Portal mirror),https://data.opencity.in/dataset/bbmp-work-orders-and-bill-payment,https://data.opencity.in/dataset/968e5202-74ed-4279-92df-7b7a1a111108/resource/c395ebb2-dcb5-4174-a0cd-cc54dda522f8/download/f5b75f15-57d0-431f-88c9-99aadca49392.csv,https://account.bbmpgov.in/vsswb/,legacy/BBMP_Work_Order_Data_303-CE-Projects_2010-15_-_Part-2.csv
S17,BBMP Work Order Data 303-CE-Projects (2015-18),bbmp_dept,BBMP (via OpenCity Data Portal mirror),https://data.opencity.in/dataset/bbmp-work-orders-and-bill-payment,https://data.opencity.in/dataset/968e5202-74ed-4279-92df-7b7a1a111108/resource/1faa410d-3afa-401c-8b15-a3eae87c9592/download/e3a838eb-fd8b-4219-9a4b-43ec97d20946.csv,https://account.bbmpgov.in/vsswb/,legacy/BBMP_Work_Order_Data_303-CE-Projects_2015-18.csv
S18,BBMP Work Order Data 304-CE-Major-Roads (2010-15) - Part-1,bbmp_dept,BBMP (via OpenCity Data Portal mirror),https://data.opencity.in/dataset/bbmp-work-orders-and-bill-payment,https://data.opencity.in/dataset/968e5202-74ed-4279-92df-7b7a1a111108/resource/3ee1fb38-6c5d-457f-96de-6cfb551b05dd/download/401435f1-de46-4b66-a882-e233fa3b7c3d.csv,https://account.bbmpgov.in/vsswb/,legacy/BBMP_Work_Order_Data_304-CE-Major-Roads_2010-15_-_Part-1.csv
S19,BBMP Work Order Data 304-CE-Major-Roads (2010-15) - Part-10,bbmp_dept,BBMP (via OpenCity Data Portal mirror),https://data.opencity.in/dataset/bbmp-work-orders-and-bill-payment,https://data.opencity.in/dataset/968e5202-74ed-4279-92df-7b7a1a111108/resource/02267667-824e-443a-98ae-b95c2f2ddf45/download/cf9dd801-ecba-4844-b2e8-8281128f8dd9.csv,https://account.bbmpgov.in/vsswb/,legacy/BBMP_Work_Order_Data_304-CE-Major-Roads_2010-15_-_Part-10.csv
S20,BBMP Work Order Data 304-CE-Major-Roads (2010-15) - Part-2,bbmp_dept,BBMP (via OpenCity Data Portal mirror),https://data.opencity.in/dataset/bbmp-work-orders-and-bill-payment,https://data.opencity.in/dataset/968e5202-74ed-4279-92df-7b7a1a111108/resource/b8b8516e-ac2c-4c37-9185-1a5c7597c976/download/d4488f50-81b4-4f3c-b60d-50d2fb617b78.csv,https://account.bbmpgov.in/vsswb/,legacy/BBMP_Work_Order_Data_304-CE-Major-Roads_2010-15_-_Part-2.csv
S21,BBMP Work Order Data 304-CE-Major-Roads (2010-15) - Part-7,bbmp_dept,BBMP (via OpenCity Data Portal mirror),https://data.opencity.in/dataset/bbmp-work-orders-and-bill-payment,https://data.opencity.in/dataset/968e5202-74ed-4279-92df-7b7a1a111108/resource/ce876da0-90ac-4ad2-b6f8-6cc976a7be88/download/c8bfb16f-7192-4d81-b5b4-62fadc45c0d5.csv,https://account.bbmpgov.in/vsswb/,legacy/BBMP_Work_Order_Data_304-CE-Major-Roads_2010-15_-_Part-7.csv
S22,BBMP Work Order Data 304-CE-Major-Roads (2015-18) - Part-1,bbmp_dept,BBMP (via OpenCity Data Portal mirror),https://data.opencity.in/dataset/bbmp-work-orders-and-bill-payment,https://data.opencity.in/dataset/968e5202-74ed-4279-92df-7b7a1a111108/resource/83d8b745-5e68-46b8-9354-6e15d405af66/download/e16ae7a8-2f10-4266-a388-e0a32657e3a5.csv,https://account.bbmpgov.in/vsswb/,legacy/BBMP_Work_Order_Data_304-CE-Major-Roads_2015-18_-_Part-1.csv
S23,BBMP Work Order Data 304-CE-Major-Roads (2015-18) - Part-3,bbmp_dept,BBMP (via OpenCity Data Portal mirror),https://data.opencity.in/dataset/bbmp-work-orders-and-bill-payment,https://data.opencity.in/dataset/968e5202-74ed-4279-92df-7b7a1a111108/resource/c1dad862-1ea3-4e1e-9728-991988e09da0/download/b0d28612-5784-4465-b571-9da3223a2c7b.csv,https://account.bbmpgov.in/vsswb/,legacy/BBMP_Work_Order_Data_304-CE-Major-Roads_2015-18_-_Part-3.csv
S24,BBMP Work Order Data Zone-6-South (2010-15),bbmp_dept,BBMP (via OpenCity Data Portal mirror),https://data.opencity.in/dataset/bbmp-work-orders-and-bill-payment,https://data.opencity.in/dataset/968e5202-74ed-4279-92df-7b7a1a111108/resource/29791ed4-40b0-41bf-b6a5-b40da512f48d/download/b55132eb-758d-4df8-a7d7-2fd6169fb4dc.csv,https://account.bbmpgov.in/vsswb/,legacy/BBMP_Work_Order_Data_Zone-6-South_2010-15.csv
S25,BBMP Work Order Data 304-CE-Major-Roads (2010-15) - Part-11,bbmp_dept,BBMP (via OpenCity Data Portal mirror),https://data.opencity.in/dataset/bbmp-work-orders-and-bill-payment,https://data.opencity.in/dataset/968e5202-74ed-4279-92df-7b7a1a111108/resource/3973b0fc-5ce7-4c79-bf0c-fe4db381ed5c/download/3140a1fe-4f08-4288-8855-0a139999289f.csv,https://account.bbmpgov.in/vsswb/,legacy/BBMP_Work_Order_Data_304-CE-Major-Roads_2010-15_-_Part-11.csv
S26,BBMP Work Order Data 304-CE-Major-Roads (2010-15) - Part-12,bbmp_dept,BBMP (via OpenCity Data Portal mirror),https://data.opencity.in/dataset/bbmp-work-orders-and-bill-payment,https://data.opencity.in/dataset/968e5202-74ed-4279-92df-7b7a1a111108/resource/13430c6f-a093-46ee-a330-442c601ce532/download/335f499e-3357-42e1-82cf-9966f96494d6.csv,https://account.bbmpgov.in/vsswb/,legacy/BBMP_Work_Order_Data_304-CE-Major-Roads_2010-15_-_Part-12.csv
S27,BBMP Work Order Data 304-CE-Major-Roads (2010-15) - Part-3,bbmp_dept,BBMP (via OpenCity Data Portal mirror),https://data.opencity.in/dataset/bbmp-work-orders-and-bill-payment,https://data.opencity.in/dataset/968e5202-74ed-4279-92df-7b7a1a111108/resource/26617fd0-4afb-4b09-b84d-41f9e958b170/download/b9b4d504-8a8b-4c40-925b-8a709c8e9cef.csv,https://account.bbmpgov.in/vsswb/,legacy/BBMP_Work_Order_Data_304-CE-Major-Roads_2010-15_-_Part-3.csv
S28,BBMP Work Order Data 304-CE-Major-Roads (2010-15) - Part-4,bbmp_dept,BBMP (via OpenCity Data Portal mirror),https://data.opencity.in/dataset/bbmp-work-orders-and-bill-payment,https://data.opencity.in/dataset/968e5202-74ed-4279-92df-7b7a1a111108/resource/4681f32b-2dfd-4ba8-a111-07676912d1f2/download/35aa9532-8d75-46e5-8a67-e4532e6c8ec3.csv,https://account.bbmpgov.in/vsswb/,legacy/BBMP_Work_Order_Data_304-CE-Major-Roads_2010-15_-_Part-4.csv
S29,BBMP Work Order Data 304-CE-Major-Roads (2010-15) - Part-5,bbmp_dept,BBMP (via OpenCity Data Portal mirror),https://data.opencity.in/dataset/bbmp-work-orders-and-bill-payment,https://data.opencity.in/dataset/968e5202-74ed-4279-92df-7b7a1a111108/resource/22bc0497-780a-455d-9be4-276595755890/download/b6d9ef45-273f-432a-837a-2c9e0ad98bc5.csv,https://account.bbmpgov.in/vsswb/,legacy/BBMP_Work_Order_Data_304-CE-Major-Roads_2010-15_-_Part-5.csv
S30,BBMP Work Order Data 304-CE-Major-Roads (2010-15) - Part-6,bbmp_dept,BBMP (via OpenCity Data Portal mirror),https://data.opencity.in/dataset/bbmp-work-orders-and-bill-payment,https://data.opencity.in/dataset/968e5202-74ed-4279-92df-7b7a1a111108/resource/44455370-101e-46c8-a307-c40dae8807fc/download/2c2a3be8-479f-41dd-8bc2-688cd2aa9642.csv,https://account.bbmpgov.in/vsswb/,legacy/BBMP_Work_Order_Data_304-CE-Major-Roads_2010-15_-_Part-6.csv
S31,BBMP Work Order Data 304-CE-Major-Roads (2010-15) - Part-8,bbmp_dept,BBMP (via OpenCity Data Portal mirror),https://data.opencity.in/dataset/bbmp-work-orders-and-bill-payment,https://data.opencity.in/dataset/968e5202-74ed-4279-92df-7b7a1a111108/resource/d59efb83-d1c2-49ba-aba0-dbe71edc8d32/download/816775a7-2fce-4d46-aa79-9abdc9aea74b.csv,https://account.bbmpgov.in/vsswb/,legacy/BBMP_Work_Order_Data_304-CE-Major-Roads_2010-15_-_Part-8.csv
S32,BBMP Work Order Data 304-CE-Major-Roads (2010-15) - Part-9,bbmp_dept,BBMP (via OpenCity Data Portal mirror),https://data.opencity.in/dataset/bbmp-work-orders-and-bill-payment,https://data.opencity.in/dataset/968e5202-74ed-4279-92df-7b7a1a111108/resource/9c49b49c-f484-40ee-a423-1ade7fd4ac63/download/25652717-332a-4b89-820c-9853c0441225.csv,https://account.bbmpgov.in/vsswb/,legacy/BBMP_Work_Order_Data_304-CE-Major-Roads_2010-15_-_Part-9.csv
S33,BBMP Work Order Data 304-CE-Major-Roads (2015-18) - Part-2,bbmp_dept,BBMP (via OpenCity Data Portal mirror),https://data.opencity.in/dataset/bbmp-work-orders-and-bill-payment,https://data.opencity.in/dataset/968e5202-74ed-4279-92df-7b7a1a111108/resource/eaf11db1-de49-4f3f-8a9b-758f7d792ebb/download/57990f59-a533-49be-8a39-e04f79aae346.csv,https://account.bbmpgov.in/vsswb/,legacy/BBMP_Work_Order_Data_304-CE-Major-Roads_2015-18_-_Part-2.csv
S34,BBMP Work Order Data 304-CE-Major-Roads (2015-18) - Part-4,bbmp_dept,BBMP (via OpenCity Data Portal mirror),https://data.opencity.in/dataset/bbmp-work-orders-and-bill-payment,https://data.opencity.in/dataset/968e5202-74ed-4279-92df-7b7a1a111108/resource/07cb6b16-fdc4-47e0-893c-47036697e845/download/a608d997-a9e2-4cec-b2c1-f62756959240.csv,https://account.bbmpgov.in/vsswb/,legacy/BBMP_Work_Order_Data_304-CE-Major-Roads_2015-18_-_Part-4.csv
S35,BBMP Work Order Data 304-CE-Major-Roads (2015-18) - Part-5,bbmp_dept,BBMP (via OpenCity Data Portal mirror),https://data.opencity.in/dataset/bbmp-work-orders-and-bill-payment,https://data.opencity.in/dataset/968e5202-74ed-4279-92df-7b7a1a111108/resource/bfc25f9b-6bc1-4838-876c-214d2f0accc6/download/efbed9c3-ace6-4a94-93e2-23a0ccf69e0f.csv,https://account.bbmpgov.in/vsswb/,legacy/BBMP_Work_Order_Data_304-CE-Major-Roads_2015-18_-_Part-5.csv
S36,BBMP Work Order Data 304-CE-Major-Roads (2015-18) - Part-6,bbmp_dept,BBMP (via OpenCity Data Portal mirror),https://data.opencity.in/dataset/bbmp-work-orders-and-bill-payment,https://data.opencity.in/dataset/968e5202-74ed-4279-92df-7b7a1a111108/resource/818a98a2-8ced-46db-8503-68a2a8f131f4/download/1b18a58d-0361-4fd4-9465-94408ab3df58.csv,https://account.bbmpgov.in/vsswb/,legacy/BBMP_Work_Order_Data_304-CE-Major-Roads_2015-18_-_Part-6.csv
S37,BBMP Work Order Data 307-CE-SWD (2010-15),bbmp_dept,BBMP (via OpenCity Data Portal mirror),https://data.opencity.in/dataset/bbmp-work-orders-and-bill-payment,https://data.opencity.in/dataset/968e5202-74ed-4279-92df-7b7a1a111108/resource/3e54bbe7-b8fe-4b81-b695-18dab061a61c/download/16a8a014-e9ea-4f1e-b517-8cdb09d75447.csv,https://account.bbmpgov.in/vsswb/,legacy/BBMP_Work_Order_Data_307-CE-SWD_2010-15.csv
S38,BBMP Work Order Data 307-CE-SWD (2015-18) - Part-1,bbmp_dept,BBMP (via OpenCity Data Portal mirror),https://data.opencity.in/dataset/bbmp-work-orders-and-bill-payment,https://data.opencity.in/dataset/968e5202-74ed-4279-92df-7b7a1a111108/resource/c0853b46-5af7-4044-98b6-cbe81d33636b/download/babc5144-c33d-44e3-b324-900387ef0e41.csv,https://account.bbmpgov.in/vsswb/,legacy/BBMP_Work_Order_Data_307-CE-SWD_2015-18_-_Part-1.csv
S39,BBMP Work Order Data 307-CE-SWD (2015-18) - Part-2,bbmp_dept,BBMP (via OpenCity Data Portal mirror),https://data.opencity.in/dataset/bbmp-work-orders-and-bill-payment,https://data.opencity.in/dataset/968e5202-74ed-4279-92df-7b7a1a111108/resource/c0391baf-b514-4773-b90a-3c2df62405ec/download/a2846386-ee5e-43c7-afb3-cc08582dfb7d.csv,https://account.bbmpgov.in/vsswb/,legacy/BBMP_Work_Order_Data_307-CE-SWD_2015-18_-_Part-2.csv
S40,BBMP Work Order Data 309-Emergency (2010-15),bbmp_dept,BBMP (via OpenCity Data Portal mirror),https://data.opencity.in/dataset/bbmp-work-orders-and-bill-payment,https://data.opencity.in/dataset/968e5202-74ed-4279-92df-7b7a1a111108/resource/97e07ce9-3bce-43de-a0bf-4892a74328ae/download/36fdc147-d545-4c9d-b999-165657200730.csv,https://account.bbmpgov.in/vsswb/,legacy/BBMP_Work_Order_Data_309-Emergency_2010-15.csv
S41,BBMP Work Order Data 309-Emergency (2015-18),bbmp_dept,BBMP (via OpenCity Data Portal mirror),https://data.opencity.in/dataset/bbmp-work-orders-and-bill-payment,https://data.opencity.in/dataset/968e5202-74ed-4279-92df-7b7a1a111108/resource/44452d6c-dd75-498a-810b-c67f5f7fc851/download/c1f8c2f7-1fe4-4364-8f34-88bf709347f3.csv,https://account.bbmpgov.in/vsswb/,legacy/BBMP_Work_Order_Data_309-Emergency_2015-18.csv
S42,BBMP Work Order Data Zone-6-South (2015-18),bbmp_dept,BBMP (via OpenCity Data Portal mirror),https://data.opencity.in/dataset/bbmp-work-orders-and-bill-payment,https://data.opencity.in/dataset/968e5202-74ed-4279-92df-7b7a1a111108/resource/2f2db789-e055-42b8-9e85-f18f6a605916/download/36d1ad41-0ae0-4c33-8981-4d5846c9ab07.csv,https://account.bbmpgov.in/vsswb/,legacy/BBMP_Work_Order_Data_Zone-6-South_2015-18.csv
S43,BBMP Bill Register 01-04-2018 to 30-09-2018,bbmp_billreg,BBMP (via OpenCity Data Portal mirror),https://data.opencity.in/dataset/bbmp-work-orders-and-bill-payment,https://data.opencity.in/dataset/968e5202-74ed-4279-92df-7b7a1a111108/resource/06812e7e-70a0-43c7-82b8-02e6cd1968c7/download/9cee35c1-eb78-4dbe-b248-8b7cfb5dadba.csv,https://account.bbmpgov.in/vsswb/,legacy/BBMP_Bill_Register_01-04-2018_to_30-09-2018.csv
S44,BBMP Job Codes April to September 2018,bbmp_jobcodes,BBMP (via OpenCity Data Portal mirror),https://data.opencity.in/dataset/bbmp-work-orders-and-bill-payment,https://data.opencity.in/dataset/968e5202-74ed-4279-92df-7b7a1a111108/resource/62629b13-7d89-4a15-abd2-1a2a26518f37/download/952481bd-0d04-4663-aadb-b17f08c3aa80.csv,https://account.bbmpgov.in/vsswb/,legacy/BBMP_Job_Codes_April_to_September_2018.csv
S45,BBMP work orders under Nagarothana scheme 2016-19,bbmp_nagarothana,BBMP (via OpenCity Data Portal mirror),https://data.opencity.in/dataset/bbmp-work-orders-and-bill-payment,https://data.opencity.in/dataset/968e5202-74ed-4279-92df-7b7a1a111108/resource/2f981c34-c500-454a-a321-3bd89670f4fc/download/bba9c3ae-f8f5-48fc-9b96-9a3544dfbafc.csv,https://account.bbmpgov.in/vsswb/,legacy/BBMP_work_orders_under_Nagarothana_scheme_2016-19.csv
KPPP,"Karnataka Public Procurement Portal — works tenders, tender documents, comparative statements",kppp_tender,Government of Karnataka (e-Procurement),https://kppp.karnataka.gov.in/,https://kppp.karnataka.gov.in/supplier-registration-service/v1/api/portal-service,https://kppp.karnataka.gov.in/,"kppp/, kppp_docs/"
OC-TENDERS,BBMP tender lists 2013-2018,oc_tenders,BBMP (via OpenCity Data Portal mirror),https://data.opencity.in/dataset/bbmp-tenders,https://data.opencity.in/dataset/bbmp-tenders,https://eproc.karnataka.gov.in/,tenders_oc/
IFMS-GRID,"BBMP IFMS payment grid (all paid work bills, mid-2015 onward)",ifms_grid,BBMP / GBA,https://accounts.bbmp.gov.in/vssWB/,https://accounts.bbmp.gov.in/vssWB/vss00CvStatusData.php?pAction=LoadPaymentGridData,https://accounts.bbmp.gov.in/vssWB/,bbmp_discovery/
IFMS,"BBMP IFMS Works Bill (direct, public vssWB service)",ifms_direct,BBMP / GBA,https://accounts.bbmp.gov.in/vssWB/,https://accounts.bbmp.gov.in/vssWB/vss00CvStatusData.php,https://accounts.bbmp.gov.in/vssWB/,bbmp_direct/
IFMS-DOC,Documents and photos attached to BBMP IFMS work bills,ifms_docs,BBMP / GBA,https://accounts.bbmp.gov.in/vssWB/,https://accounts.bbmp.gov.in/vssIFMS/,https://accounts.bbmp.gov.in/vssWB/,bbmp_direct/files/
WAYBACK,Archived BBMP planning documents and tender notices (Internet Archive copies of site.bbmp.gov.in / bbmp.gov.in),wayback_docs,BBMP (via Internet Archive Wayback Machine),https://web.archive.org/,https://web.archive.org/,https://site.bbmp.gov.in/,wayback/
WB-SANCTION,BBMP ward works lists FY 2015-16 / 2016-17,wayback_docs,BBMP (via Internet Archive Wayback Machine),https://web.archive.org/,https://web.archive.org/,https://site.bbmp.gov.in/,wayback/
WB-POW,BBMP Programme of Works 2022-23 (South),wayback_docs,BBMP (via Internet Archive Wayback Machine),https://web.archive.org/,https://web.archive.org/,https://site.bbmp.gov.in/,wayback/
WB-NOTICE,BBMP BTM division tender notifications 2018-19 (OCR),wayback_docs,BBMP (via Internet Archive Wayback Machine),https://web.archive.org/,https://web.archive.org/,https://site.bbmp.gov.in/,wayback/
WB-GRANT,"Amrutha Nagarothana grants, BTM Layout (OCR)",wayback_docs,BBMP (via Internet Archive Wayback Machine),https://web.archive.org/,https://web.archive.org/,https://site.bbmp.gov.in/,wayback/
WB-HORT,BBMP Horticulture South park-maintenance tenders 2022,wayback_docs,BBMP (via Internet Archive Wayback Machine),https://web.archive.org/,https://web.archive.org/,https://site.bbmp.gov.in/,wayback/
